Xi,Mean,Xi - mean,sq(Xi-mean),Summation,result,Std. Deviatiom
60,215,-155,24025,338966,48423.71429,220.05388950371744
120,215,-95,9025,338966,48423.71429,220.05388950371744
330,215,115,13225,338966,48423.71429,220.05388950371744
470,215,255,65025,338966,48423.71429,220.05388950371744
590,215,375,140625,338966,48423.71429,220.05388950371744
-9,215,-224,50176,338966,48423.71429,220.05388950371744
71,215,-144,20736,338966,48423.71429,220.05388950371744
88,215,-127,16129,338966,48423.71429,220.05388950371744
